# ************************************************************
# Sequel Pro SQL dump
# Version 4096
#
# http://www.sequelpro.com/
# http://code.google.com/p/sequel-pro/
#
# Host: 127.0.0.1 (MySQL 5.6.15)
# Database: recycle
# Generation Time: 2013-12-16 20:58:23 +0000
# ************************************************************


/*!40101 SET @OLD_CHARACTER_SET_CLIENT=@@CHARACTER_SET_CLIENT */;
/*!40101 SET @OLD_CHARACTER_SET_RESULTS=@@CHARACTER_SET_RESULTS */;
/*!40101 SET @OLD_COLLATION_CONNECTION=@@COLLATION_CONNECTION */;
/*!40101 SET NAMES utf8 */;
/*!40014 SET @OLD_FOREIGN_KEY_CHECKS=@@FOREIGN_KEY_CHECKS, FOREIGN_KEY_CHECKS=0 */;
/*!40101 SET @OLD_SQL_MODE=@@SQL_MODE, SQL_MODE='NO_AUTO_VALUE_ON_ZERO' */;
/*!40111 SET @OLD_SQL_NOTES=@@SQL_NOTES, SQL_NOTES=0 */;


# Dump of table auth_group
# ------------------------------------------------------------

DROP TABLE IF EXISTS `auth_group`;

CREATE TABLE `auth_group` (
  `id` int(11) NOT NULL AUTO_INCREMENT,
  `name` varchar(80) NOT NULL,
  PRIMARY KEY (`id`),
  UNIQUE KEY `name` (`name`)
) ENGINE=InnoDB DEFAULT CHARSET=utf8;



# Dump of table auth_group_permissions
# ------------------------------------------------------------

DROP TABLE IF EXISTS `auth_group_permissions`;

CREATE TABLE `auth_group_permissions` (
  `id` int(11) NOT NULL AUTO_INCREMENT,
  `group_id` int(11) NOT NULL,
  `permission_id` int(11) NOT NULL,
  PRIMARY KEY (`id`),
  UNIQUE KEY `group_id` (`group_id`,`permission_id`),
  KEY `auth_group_permissions_5f412f9a` (`group_id`),
  KEY `auth_group_permissions_83d7f98b` (`permission_id`),
  CONSTRAINT `group_id_refs_id_f4b32aac` FOREIGN KEY (`group_id`) REFERENCES `auth_group` (`id`),
  CONSTRAINT `permission_id_refs_id_6ba0f519` FOREIGN KEY (`permission_id`) REFERENCES `auth_permission` (`id`)
) ENGINE=InnoDB DEFAULT CHARSET=utf8;



# Dump of table auth_permission
# ------------------------------------------------------------

DROP TABLE IF EXISTS `auth_permission`;

CREATE TABLE `auth_permission` (
  `id` int(11) NOT NULL AUTO_INCREMENT,
  `name` varchar(50) NOT NULL,
  `content_type_id` int(11) NOT NULL,
  `codename` varchar(100) NOT NULL,
  PRIMARY KEY (`id`),
  UNIQUE KEY `content_type_id` (`content_type_id`,`codename`),
  KEY `auth_permission_37ef4eb4` (`content_type_id`),
  CONSTRAINT `content_type_id_refs_id_d043b34a` FOREIGN KEY (`content_type_id`) REFERENCES `django_content_type` (`id`)
) ENGINE=InnoDB DEFAULT CHARSET=utf8;

LOCK TABLES `auth_permission` WRITE;
/*!40000 ALTER TABLE `auth_permission` DISABLE KEYS */;

INSERT INTO `auth_permission` (`id`, `name`, `content_type_id`, `codename`)
VALUES
	(1,'Can add log entry',1,'add_logentry'),
	(2,'Can change log entry',1,'change_logentry'),
	(3,'Can delete log entry',1,'delete_logentry'),
	(4,'Can add permission',2,'add_permission'),
	(5,'Can change permission',2,'change_permission'),
	(6,'Can delete permission',2,'delete_permission'),
	(7,'Can add group',3,'add_group'),
	(8,'Can change group',3,'change_group'),
	(9,'Can delete group',3,'delete_group'),
	(10,'Can add user',4,'add_user'),
	(11,'Can change user',4,'change_user'),
	(12,'Can delete user',4,'delete_user'),
	(13,'Can add content type',5,'add_contenttype'),
	(14,'Can change content type',5,'change_contenttype'),
	(15,'Can delete content type',5,'delete_contenttype'),
	(16,'Can add session',6,'add_session'),
	(17,'Can change session',6,'change_session'),
	(18,'Can delete session',6,'delete_session');

/*!40000 ALTER TABLE `auth_permission` ENABLE KEYS */;
UNLOCK TABLES;


# Dump of table auth_user
# ------------------------------------------------------------

DROP TABLE IF EXISTS `auth_user`;

CREATE TABLE `auth_user` (
  `id` int(11) NOT NULL AUTO_INCREMENT,
  `password` varchar(128) NOT NULL,
  `last_login` datetime NOT NULL,
  `is_superuser` tinyint(1) NOT NULL,
  `username` varchar(30) NOT NULL,
  `first_name` varchar(30) NOT NULL,
  `last_name` varchar(30) NOT NULL,
  `email` varchar(75) NOT NULL,
  `is_staff` tinyint(1) NOT NULL,
  `is_active` tinyint(1) NOT NULL,
  `date_joined` datetime NOT NULL,
  PRIMARY KEY (`id`),
  UNIQUE KEY `username` (`username`)
) ENGINE=InnoDB DEFAULT CHARSET=utf8;

LOCK TABLES `auth_user` WRITE;
/*!40000 ALTER TABLE `auth_user` DISABLE KEYS */;

INSERT INTO `auth_user` (`id`, `password`, `last_login`, `is_superuser`, `username`, `first_name`, `last_name`, `email`, `is_staff`, `is_active`, `date_joined`)
VALUES
	(1,'pbkdf2_sha256$12000$5fBVUM9bDtAk$IRokNshKb/Xhz2nGDHvhP2rqIQsiWqnXrqbYLdU9F5w=','2013-12-16 08:50:22',1,'reycle','','','recycle@obshtestvo.bg',1,1,'2013-12-14 10:32:07');

/*!40000 ALTER TABLE `auth_user` ENABLE KEYS */;
UNLOCK TABLES;


# Dump of table auth_user_groups
# ------------------------------------------------------------

DROP TABLE IF EXISTS `auth_user_groups`;

CREATE TABLE `auth_user_groups` (
  `id` int(11) NOT NULL AUTO_INCREMENT,
  `user_id` int(11) NOT NULL,
  `group_id` int(11) NOT NULL,
  PRIMARY KEY (`id`),
  UNIQUE KEY `user_id` (`user_id`,`group_id`),
  KEY `auth_user_groups_6340c63c` (`user_id`),
  KEY `auth_user_groups_5f412f9a` (`group_id`),
  CONSTRAINT `group_id_refs_id_274b862c` FOREIGN KEY (`group_id`) REFERENCES `auth_group` (`id`),
  CONSTRAINT `user_id_refs_id_40c41112` FOREIGN KEY (`user_id`) REFERENCES `auth_user` (`id`)
) ENGINE=InnoDB DEFAULT CHARSET=utf8;



# Dump of table auth_user_user_permissions
# ------------------------------------------------------------

DROP TABLE IF EXISTS `auth_user_user_permissions`;

CREATE TABLE `auth_user_user_permissions` (
  `id` int(11) NOT NULL AUTO_INCREMENT,
  `user_id` int(11) NOT NULL,
  `permission_id` int(11) NOT NULL,
  PRIMARY KEY (`id`),
  UNIQUE KEY `user_id` (`user_id`,`permission_id`),
  KEY `auth_user_user_permissions_6340c63c` (`user_id`),
  KEY `auth_user_user_permissions_83d7f98b` (`permission_id`),
  CONSTRAINT `permission_id_refs_id_35d9ac25` FOREIGN KEY (`permission_id`) REFERENCES `auth_permission` (`id`),
  CONSTRAINT `user_id_refs_id_4dc23c39` FOREIGN KEY (`user_id`) REFERENCES `auth_user` (`id`)
) ENGINE=InnoDB DEFAULT CHARSET=utf8;



# Dump of table django_admin_log
# ------------------------------------------------------------

DROP TABLE IF EXISTS `django_admin_log`;

CREATE TABLE `django_admin_log` (
  `id` int(11) NOT NULL AUTO_INCREMENT,
  `action_time` datetime NOT NULL,
  `user_id` int(11) NOT NULL,
  `content_type_id` int(11) DEFAULT NULL,
  `object_id` longtext,
  `object_repr` varchar(200) NOT NULL,
  `action_flag` smallint(5) unsigned NOT NULL,
  `change_message` longtext NOT NULL,
  PRIMARY KEY (`id`),
  KEY `django_admin_log_6340c63c` (`user_id`),
  KEY `django_admin_log_37ef4eb4` (`content_type_id`),
  CONSTRAINT `content_type_id_refs_id_93d2d1f8` FOREIGN KEY (`content_type_id`) REFERENCES `django_content_type` (`id`),
  CONSTRAINT `user_id_refs_id_c0d12874` FOREIGN KEY (`user_id`) REFERENCES `auth_user` (`id`)
) ENGINE=InnoDB DEFAULT CHARSET=utf8;

LOCK TABLES `django_admin_log` WRITE;
/*!40000 ALTER TABLE `django_admin_log` DISABLE KEYS */;

INSERT INTO `django_admin_log` (`id`, `action_time`, `user_id`, `content_type_id`, `object_id`, `object_repr`, `action_flag`, `change_message`)
VALUES
	(1,'2013-12-14 13:17:22',1,10,'вестник','RecyclableItem object',1,''),
	(2,'2013-12-14 22:21:23',1,7,'41','RecycleSpot object',1,''),
	(3,'2013-12-14 22:22:22',1,7,'41','RecycleSpot object',2,'Changed pointer.'),
	(4,'2013-12-16 08:50:45',1,7,'42','RecycleSpot object',2,'Changed type, name, organisation, area, added_at and contact.');

/*!40000 ALTER TABLE `django_admin_log` ENABLE KEYS */;
UNLOCK TABLES;


# Dump of table django_content_type
# ------------------------------------------------------------

DROP TABLE IF EXISTS `django_content_type`;

CREATE TABLE `django_content_type` (
  `id` int(11) NOT NULL AUTO_INCREMENT,
  `name` varchar(100) NOT NULL,
  `app_label` varchar(100) NOT NULL,
  `model` varchar(100) NOT NULL,
  PRIMARY KEY (`id`),
  UNIQUE KEY `app_label` (`app_label`,`model`)
) ENGINE=InnoDB DEFAULT CHARSET=utf8;

LOCK TABLES `django_content_type` WRITE;
/*!40000 ALTER TABLE `django_content_type` DISABLE KEYS */;

INSERT INTO `django_content_type` (`id`, `name`, `app_label`, `model`)
VALUES
	(1,'log entry','admin','logentry'),
	(2,'permission','auth','permission'),
	(3,'group','auth','group'),
	(4,'user','auth','user'),
	(5,'content type','contenttypes','contenttype'),
	(6,'session','sessions','session'),
	(7,'recycle spot','ecomap','recyclespot'),
	(8,'recycle spot type','ecomap','recyclespottype'),
	(9,'recycle spot material','ecomap','recyclespotmaterial'),
	(10,'recyclable item','ecomap','recyclableitem');

/*!40000 ALTER TABLE `django_content_type` ENABLE KEYS */;
UNLOCK TABLES;


# Dump of table django_session
# ------------------------------------------------------------

DROP TABLE IF EXISTS `django_session`;

CREATE TABLE `django_session` (
  `session_key` varchar(40) NOT NULL,
  `session_data` longtext NOT NULL,
  `expire_date` datetime NOT NULL,
  PRIMARY KEY (`session_key`),
  KEY `django_session_b7b81f0c` (`expire_date`)
) ENGINE=InnoDB DEFAULT CHARSET=utf8;



# Dump of table material_mapping
# ------------------------------------------------------------

DROP TABLE IF EXISTS `material_mapping`;

CREATE TABLE `material_mapping` (
  `alias` varchar(255) COLLATE utf8_unicode_ci NOT NULL,
  `material_id` int(11) NOT NULL,
  PRIMARY KEY (`alias`,`material_id`),
  KEY `material` (`material_id`)
) ENGINE=InnoDB DEFAULT CHARSET=utf8 COLLATE=utf8_unicode_ci;



# Dump of table spot
# ------------------------------------------------------------

DROP TABLE IF EXISTS `spot`;

CREATE TABLE `spot` (
  `id` int(11) unsigned NOT NULL AUTO_INCREMENT,
  `type_id` int(11) DEFAULT NULL,
  `name` varchar(255) COLLATE utf8_unicode_ci DEFAULT NULL,
  `organisation` varchar(64) COLLATE utf8_unicode_ci DEFAULT NULL,
  `area` varchar(255) COLLATE utf8_unicode_ci DEFAULT NULL COMMENT 'kvartal',
  `address` varchar(255) COLLATE utf8_unicode_ci DEFAULT NULL,
  `lng` float DEFAULT NULL,
  `lat` float DEFAULT NULL,
  `added_at` datetime DEFAULT NULL,
  `description` text COLLATE utf8_unicode_ci,
  `contact` text COLLATE utf8_unicode_ci,
  `pointer` varchar(255) COLLATE utf8_unicode_ci DEFAULT NULL COMMENT 'path to custom pointer',
  `streetview_params` varchar(255) COLLATE utf8_unicode_ci DEFAULT NULL,
  PRIMARY KEY (`id`),
  KEY `type` (`type_id`)
) ENGINE=InnoDB DEFAULT CHARSET=utf8 COLLATE=utf8_unicode_ci;



# Dump of table spot_material
# ------------------------------------------------------------

DROP TABLE IF EXISTS `spot_material`;

CREATE TABLE `spot_material` (
  `id` int(11) unsigned NOT NULL AUTO_INCREMENT,
  `name` varchar(255) COLLATE utf8_unicode_ci NOT NULL,
  PRIMARY KEY (`name`,`id`),
  KEY `id` (`id`)
) ENGINE=InnoDB DEFAULT CHARSET=utf8 COLLATE=utf8_unicode_ci;



# Dump of table spot_material_link
# ------------------------------------------------------------

DROP TABLE IF EXISTS `spot_material_link`;

CREATE TABLE `spot_material_link` (
  `id` int(11) unsigned NOT NULL AUTO_INCREMENT,
  `spot_id` int(11) unsigned NOT NULL,
  `material_id` int(11) unsigned NOT NULL,
  PRIMARY KEY (`id`),
  KEY `material` (`material_id`)
) ENGINE=InnoDB DEFAULT CHARSET=utf8 COLLATE=utf8_unicode_ci;



# Dump of table spot_type
# ------------------------------------------------------------

DROP TABLE IF EXISTS `spot_type`;

CREATE TABLE `spot_type` (
  `id` int(10) unsigned NOT NULL AUTO_INCREMENT,
  `name` varchar(255) COLLATE utf8_unicode_ci NOT NULL,
  PRIMARY KEY (`id`),
  KEY `id` (`id`)
) ENGINE=InnoDB DEFAULT CHARSET=utf8 COLLATE=utf8_unicode_ci;




/*!40111 SET SQL_NOTES=@OLD_SQL_NOTES */;
/*!40101 SET SQL_MODE=@OLD_SQL_MODE */;
/*!40014 SET FOREIGN_KEY_CHECKS=@OLD_FOREIGN_KEY_CHECKS */;
/*!40101 SET CHARACTER_SET_CLIENT=@OLD_CHARACTER_SET_CLIENT */;
/*!40101 SET CHARACTER_SET_RESULTS=@OLD_CHARACTER_SET_RESULTS */;
/*!40101 SET COLLATION_CONNECTION=@OLD_COLLATION_CONNECTION */;
